KOI_R2,KOI_RMSE,KOI_MAPE,KOI_neg_pct,KOI_min_pred,KOI_R2_clamped,KOI_RMSE_clamped,NH4_R2,NH4_RMSE,NH4_MAPE,NH4_neg_pct,NH4_min_pred,NH4_R2_clamped,NH4_RMSE_clamped,PO4_R2,PO4_RMSE,PO4_MAPE,PO4_neg_pct,PO4_min_pred,PO4_R2_clamped,PO4_RMSE_clamped,ODE_res_SS,ODE_res_SNH,ODE_res_SPO4,ODE_res_mean,ODE_res_mean_clamped,Fold,Model
0.9349953094296952,3.5046460149705294,2.5583548223999215,0.0,82.20443578060072,0.9349953094296952,3.5046460149705294,0.9801180510455705,1.436505040037475,17.276182416966176,0.0,0.9656153973452771,0.9801180510455705,1.436505040037475,0.9851320373885509,1.0682830794416422,180.07131107145608,0.0,0.18714261055044715,0.9851320373885509,1.0682830794416422,542.8863525390625,16.940383911132812,8.143589973449707,189.3234405517578,189.3234405517578,1,PG_LSTM
0.9347992009484561,3.5099285047477866,2.567928727745045,0.0,82.25940278694284,0.9347992009484561,3.5099285047477866,0.980928988589882,1.4069042444311208,16.883052490864735,0.0,0.8864158065823191,0.980928988589882,1.4069042444311208,0.9857892295635741,1.0444061762206047,104.50119743772667,17.983963344788087,-0.1523149700859413,0.9858141063296132,1.0434916294450556,615.9207763671875,21.359085083007812,14.501691818237305,217.26051330566406,161.8637237548828,1,Vanilla_LSTM
0.9319633218538964,3.585447451004903,2.6002182393043802,0.0,82.01185614041417,0.9319633218538964,3.585447451004903,0.9826421253826155,1.3422269368741722,15.277719407471382,0.0,0.571432500294665,0.9826421253826155,1.3422269368741722,0.9856596487963938,1.04915707414633,62.459856561339166,13.974799541809851,-0.23428211879470007,0.9856865741357498,1.0481716665259684,3412.914794921875,141.52391052246094,140.63677978515625,1231.6917724609375,157.9706268310547,1,GRU
0.6722312855274274,7.870898459310361,5.726386128500609,0.0,81.2180027200809,0.6722312855274274,7.870898459310361,0.9089753968156106,3.0739078587378756,29.583295507551078,0.0,0.4549999980157242,0.9089753968156106,3.0739078587378756,0.6590234440606803,5.118532660646564,93.08980979281495,0.0,0.030999999541644,0.6590234440606803,5.118532660646564,514.2005004882812,15.552080154418945,7.48444128036499,179.07899475097656,179.07899475097656,1,Persistence
0.9405797685470321,3.338708003964622,2.4036184435506107,0.0,81.14855705142233,0.9405797685470321,3.338708003964622,0.9957439398956146,0.6676679425631815,6.748346108224817,0.0,0.7542585932040141,0.9957439398956146,0.6676679425631815,0.991520093354939,0.7333073236206943,149.88489967654402,0.0,0.13205779606621768,0.991520093354939,0.7333073236206943,541.18994140625,16.986331939697266,7.561917781829834,188.5793914794922,188.5793914794922,2,PG_LSTM
0.9403013147681805,3.346521750439432,2.4128486889320415,0.0,81.25972166872619,0.9403013147681805,3.346521750439432,0.9957222053402982,0.6693705720010441,6.9361428572465815,0.0,0.8054789426667317,0.9957222053402982,0.6693705720010441,0.9917152820906917,0.7248186334306791,42.50370086134064,0.11454753722794961,-0.002044546818160178,0.9917152908082688,0.7248182520861348,518.4338989257812,16.069992065429688,7.126504421234131,180.54347229003906,180.5297088623047,2,Vanilla_LSTM
0.9396296558218487,3.365294646407932,2.427932058866014,0.0,81.15571379775726,0.9396296558218487,3.365294646407932,0.9957655457157393,0.6659710835604365,7.425815141723081,0.0,0.8768969974335377,0.9957655457157393,0.6659710835604365,0.9920993631435063,0.7078178929712151,41.2822423222156,4.009163802978236,-0.11681027155616831,0.9921038952744962,0.7076148470872256,700.1322021484375,26.749814987182617,22.659648895263672,249.84722900390625,166.47145080566406,2,GRU
0.6829569802674571,7.716375461952931,5.775966546370239,0.0,81.85200005581282,0.6829569802674571,7.716375461952931,0.913580464855871,3.0058084383208556,27.10873748493075,0.0,0.47900001230251,0.913580464855871,3.0058084383208556,0.6332299570787203,4.825228866825138,104.6966274643451,0.0,0.02699999973648414,0.6332299570787203,4.825228866825138,514.5886840820312,15.985803604125977,6.972977161407471,179.18247985839844,179.18247985839844,2,Persistence
0.9430547367542138,3.3315400643214175,2.414964616917466,0.0,81.54512302019052,0.9430547367542138,3.3315400643214175,0.9953254607617362,0.6982376915283357,7.686916489332836,0.0,0.7296065855732831,0.9953254607617362,0.6982376915283357,0.9932492070512039,0.6720291987525664,153.83502359500554,0.0,0.16782357403442957,0.9932492070512039,0.6720291987525664,541.1041259765625,16.972021102905273,7.640470027923584,188.57220458984375,188.57220458984375,3,PG_LSTM
0.9424969326007471,3.3478172584153714,2.429070772471321,0.0,81.66112837867502,0.9424969326007471,3.3478172584153714,0.9952661091504147,0.7026563962344241,7.896196146277819,0.0,0.7382326293519633,0.9952661091504147,0.7026563962344241,0.9934753498298757,0.6606772684303721,46.47011976898076,0.22909507445589922,-0.017157357079538048,0.9934755001471621,0.6606696579237871,892.1937255859375,35.61311340332031,31.61988639831543,319.80889892578125,181.24412536621094,3,Vanilla_LSTM
0.9416377319057307,3.372735769166415,2.4335455603387692,0.0,81.85233039510598,0.9416377319057307,3.372735769166415,0.9954618667576979,0.6879747599569164,8.206254816108782,0.0,0.8177135110530115,0.9954618667576979,0.6879747599569164,0.993563924689615,0.6561774591828238,39.2569341828042,2.7491408934707904,-0.11734714120207503,0.9935661587432838,0.6560635650141541,552.8757934570312,18.59253692626953,12.11773681640625,194.5286865234375,169.5290069580078,3,GRU
0.6821989447390666,7.8658222954240955,5.868778345783112,0.0,81.84500121892023,0.6821989447390666,7.8658222954240955,0.9151819304663114,2.974778406816308,27.784115885604077,0.0,0.47099996785473197,0.9151819304663114,2.974778406816308,0.6325606771904686,4.96048715930951,94.12887761650906,0.0,0.02699999973648414,0.6325606771904686,4.96048715930951,513.5755615234375,15.885156631469727,7.099851131439209,178.853515625,178.853515625,3,Persistence
0.9414454334167756,3.3980076379313737,2.4355582253056047,0.0,82.05845303878685,0.9414454334167756,3.3980076379313737,0.9953316390971172,0.7001597253469148,8.581896355549674,0.0,0.5150063635725061,0.9953316390971172,0.7001597253469148,0.9923193644882286,0.6989805095563032,147.24724548461847,0.0,0.16791439916758855,0.9923193644882286,0.6989805095563032,540.5465698242188,16.968128204345703,7.593064308166504,188.3692626953125,188.3692626953125,4,PG_LSTM
0.9407046846587194,3.4194334587416604,2.4533070099001373,0.0,82.11803118235035,0.9407046846587194,3.4194334587416604,0.9952516138728237,0.7061353083735031,8.769932156178704,0.0,0.5067200278116096,0.9952516138728237,0.7061353083735031,0.9924914199711267,0.6911071642217618,43.89820373635268,0.572737686139748,-0.035130192810602194,0.9924918302757325,0.6910882812688334,525.7122802734375,16.480424880981445,7.853243827819824,183.34864807128906,180.84767150878906,4,Vanilla_LSTM
0.9425137529604917,3.366866867012736,2.3874014527108547,0.0,82.12278480108004,0.9425137529604917,3.366866867012736,0.9943746577147791,0.7685805512722144,11.92853991727532,0.0,0.9241767338899624,0.9943746577147791,0.7685805512722144,0.9902473874919191,0.7876385655857365,52.40195251832137,3.436426116838488,-0.1197735952430644,0.9902526502625517,0.7874260214869332,2296.23876953125,104.1165771484375,91.69031524658203,830.6819458007812,177.62689208984375,4,GRU
0.6609777743593699,8.170923977351729,6.050801769429085,0.0,81.3740027287024,0.6609777743593699,8.170923977351729,0.9125401549858223,3.031626985767249,29.054810352729714,0.0,0.4729999988094345,0.9125401549858223,3.031626985767249,0.6318270813996318,4.841891680134469,108.54603119614742,0.0,0.028000001251700338,0.6318270813996318,4.841891680134469,514.2644653320312,16.006696701049805,6.989356994628906,179.08685302734375,179.08685302734375,4,Persistence
0.9448934838462706,3.269492286071552,2.444514490052797,0.0,82.21416855651192,0.9448934838462706,3.269492286071552,0.9948530965894691,0.7322397611333221,7.190090989786707,0.0,0.9228559999142792,0.9948530965894691,0.7322397611333221,0.9901196628210854,0.808210419437905,134.336830915601,0.0,0.15064146156129282,0.9901196628210854,0.808210419437905,540.0123291015625,16.863628387451172,7.671627998352051,188.1825408935547,188.1825408935547,5,PG_LSTM
0.9440741425148208,3.2937085336879997,2.467403099353422,0.0,82.28584436744487,0.9440741425148208,3.2937085336879997,0.9948216793509818,0.7344711952552674,7.3099709496900385,0.0,0.9314636296134908,0.9948216793509818,0.7344711952552674,0.9905123240424517,0.791987785870692,37.27563823511574,0.572737686139748,-0.10191934164910334,0.9905146062622366,0.7918925255081173,529.1581420898438,16.607040405273438,9.188855171203613,184.98468017578125,178.69395446777344,5,Vanilla_LSTM
0.9440752029229826,3.2936773075957673,2.4741263864621708,0.0,82.43334798048437,0.9440752029229826,3.2936773075957673,0.9950763263293215,0.7161845192105828,8.029799230775879,0.0,1.0161083906689827,0.9950763263293215,0.7161845192105828,0.9901330032687424,0.8076646116131742,36.91404702140194,1.9473081328751431,-0.10357826182786546,0.9901362319682916,0.807532457939769,502.9534606933594,15.748861312866211,8.509626388549805,175.73731994628906,169.51913452148438,5,GRU
0.6650800703071188,8.057295450620554,6.06885901511167,0.0,81.50900300969478,0.6650800703071188,8.057295450620554,0.9142847261126136,2.9897884459416586,27.81226597884236,0.0,0.39199999523773804,0.9142847261126136,2.9897884459416586,0.6482842119090609,4.8245397453062235,104.13694824211075,0.0,0.02699999973648414,0.6482842119090609,4.8245397453062235,514.7783813476562,15.975066184997559,7.070408821105957,179.2746124267578,179.2746124267578,5,Persistence
0.9329964304053909,3.595321947481581,2.6419841109565017,0.0,81.11105475291612,0.9329964304053909,3.595321947481581,0.9956039863717815,0.6719450249993957,7.72418230622538,0.0,0.7420989510721241,0.9956039863717815,0.6719450249993957,0.9925439431208241,0.6866094852606582,135.26287919031537,0.0,0.16384114667740757,0.9925439431208241,0.6866094852606582,539.155517578125,16.76981544494629,7.641819953918457,187.85572814941406,187.85572814941406,6,PG_LSTM
0.9321901090517399,3.6168903158777423,2.6600522727182283,0.0,81.27733278548043,0.9321901090517399,3.6168903158777423,0.9956088874087637,0.6715703507947254,7.893083784714236,0.0,0.7835661880990281,0.9956088874087637,0.6715703507947254,0.9927650928785893,0.6763502776563372,37.9068362292257,0.3436426116838488,-0.04979151256478757,0.9927653747432149,0.6763371025684285,512.9993286132812,15.702788352966309,7.219189167022705,178.6404266357422,178.4349822998047,6,Vanilla_LSTM
0.932324608743723,3.613301517159944,2.660146290198699,0.0,81.10269856379695,0.932324608743723,3.613301517159944,0.9956220591836359,0.6705623583100909,8.719124439564858,0.0,0.8757845330463276,0.9956220591836359,0.6705623583100909,0.9931625505147639,0.6575098419379897,41.509260936597514,2.86368843069874,-0.1994706293017866,0.9931755306480997,0.6568854409998002,529.0166625976562,17.147972106933594,10.78398323059082,185.6495361328125,167.5814971923828,6,GRU
0.6493693324899874,8.224550455471812,6.177294292060869,0.0,80.17099704518984,0.6493693324899874,8.224550455471812,0.913735723041948,2.9764820223081183,27.997100371803057,0.0,0.44599999761886905,0.913735723041948,2.9764820223081183,0.631953617422552,4.826461852934468,107.16611322836567,0.0,0.028000001251700338,0.631953617422552,4.826461852934468,513.5391845703125,15.817935943603516,6.968595027923584,178.7752227783203,178.7752227783203,6,Persistence
0.9364869530437528,3.5225517591643087,2.5658523363990615,0.0,81.62483008002447,0.9364869530437528,3.5225517591643087,0.995798426003587,0.6716248738110506,7.524048839701919,0.0,0.7894162173872137,0.995798426003587,0.6716248738110506,0.9917675443078223,0.7580488129740155,144.1899439897509,0.0,0.1664947513899144,0.9917675443078223,0.7580488129740155,540.137939453125,16.85220718383789,7.7299394607543945,188.2400360107422,188.2400360107422,7,PG_LSTM
0.9362667001914218,3.528654289599813,2.57222034090077,0.0,81.69757823408918,0.9362667001914218,3.528654289599813,0.9958115204076889,0.6705774817683705,7.6468539386243375,0.0,0.7865212210913478,0.9958115204076889,0.6705774817683705,0.9920450638385775,0.7451622071762385,46.0222925341989,0.0,0.014640750419824685,0.9920450638385775,0.7451622071762385,519.468017578125,16.028276443481445,7.277336597442627,180.92454528808594,180.92454528808594,7,Vanilla_LSTM
0.9354078974846161,3.5523489468100284,2.6073586207793182,0.0,82.09159677869275,0.9354078974846161,3.5523489468100284,0.9959872794596596,0.6563571509600055,8.247739825476335,0.0,0.9470777662608327,0.9959872794596596,0.6563571509600055,0.9916775407640408,0.7621813353207869,38.79838483466284,1.145475372279496,-0.0480881460442668,0.9916783971645016,0.7621421191936167,1234.2969970703125,54.291099548339844,46.473636627197266,445.0205993652344,169.720458984375,7,GRU
0.6534893058368331,8.22435341463334,6.170698074547423,0.0,80.37100551219663,0.6534893058368331,8.22435341463334,0.9146910804426697,3.0160807393665654,27.51607686675694,0.0,0.6480000047438218,0.9146910804426697,3.0160807393665654,0.6329599015611376,5.022188880196566,103.87984701758104,0.0,0.02699999973648414,0.6329599015611376,5.022188880196566,514.0255737304688,15.932527542114258,7.20073127746582,179.05296325683594,179.05296325683594,7,Persistence
0.9361227633114916,3.5229323884023023,2.539040059479027,0.0,81.21572120089677,0.9361227633114916,3.5229323884023023,0.9945595528519728,0.7543763931296329,9.190358772308215,0.0,0.8485748337643682,0.9945595528519728,0.7543763931296329,0.9899776636393477,0.8065097238415001,143.84820127683452,0.0,0.16295594434500071,0.9899776636393477,0.8065097238415001,540.2340698242188,16.901594161987305,7.566677570343018,188.23411560058594,188.23411560058594,8,PG_LSTM
0.9359280568902284,3.528297489343115,2.543014322841658,0.0,81.3369012699572,0.9359280568902284,3.528297489343115,0.9945564696428428,0.7545901228727414,9.342714966998958,0.0,0.8560504917714086,0.9945564696428428,0.7545901228727414,0.9902620744637646,0.7949839221480347,41.862686166793516,0.22909507445589922,-0.02830453644388312,0.9902623561810433,0.7949724226594539,518.8076782226562,16.145177841186523,7.634376049041748,180.8624267578125,179.45286560058594,8,Vanilla_LSTM
0.9347927285469407,3.559420210725284,2.5504638460628493,0.0,81.7793317639948,0.9347927285469407,3.559420210725284,0.9945086981650914,0.7578939662011727,10.598398729561607,0.0,0.9631643786101102,0.9945086981650914,0.7578939662011727,0.9900169543150861,0.8049272869259037,39.99770177302128,1.3745704467353952,-0.26046691646032055,0.9900236212295471,0.8046584672797175,544.6188354492188,19.01333999633789,13.474943161010742,192.36903381347656,166.54371643066406,8,GRU
0.6827176427736543,7.8513919261753005,5.798205969209788,0.0,80.65499566146076,0.6827176427736543,7.8513919261753005,0.9140189229726728,3.0005144816526563,28.810738237859972,0.0,0.2610000111792357,0.9140189229726728,3.0005144816526563,0.6383881580009749,4.846940687788231,103.35125973535261,0.0,0.02300000057092681,0.6383881580009749,4.846940687788231,513.7674560546875,15.908990859985352,7.0074005126953125,178.8946075439453,178.8946075439453,8,Persistence
0.9441546016948199,3.3288151058221307,2.3698719767156313,0.0,81.21878319203728,0.9441546016948199,3.3288151058221307,0.9951087336867034,0.7054428282455937,8.229968226499446,0.0,0.6143300033216776,0.9951087336867034,0.7054428282455937,0.9923373375863447,0.7241968007622168,142.25518411243604,0.0,0.17056905794353627,0.9923373375863447,0.7241968007622168,540.2393798828125,16.965883255004883,7.71650505065918,188.3072509765625,188.3072509765625,9,PG_LSTM
0.9433413094668405,3.3529667268333903,2.3867820164537643,0.0,81.3502636758709,0.9433413094668405,3.3529667268333903,0.9950547948304912,0.709321829024453,8.45652299207043,0.0,0.6572773513569073,0.9950547948304912,0.709321829024453,0.9925309682667565,0.7149882551853957,45.909328901183535,0.45819014891179843,-0.03519343661705717,0.992531106363888,0.7149816453404393,520.1424560546875,16.273983001708984,7.910683631896973,181.4423828125,179.1973419189453,9,Vanilla_LSTM
0.9423613927457313,3.381837349903257,2.3985152886426433,0.0,81.57433989712517,0.9423613927457313,3.381837349903257,0.9954113994860023,0.6832683321534517,8.661657906816536,0.0,0.8224560889685774,0.9954113994860023,0.6832683321534517,0.9927839041633635,0.7027775858306503,42.83833743535023,4.123711340206185,-0.1864142968136365,0.9927887850205429,0.7025398716063842,1786.7257080078125,80.79869842529297,72.00801086425781,646.5108032226562,164.41468811035156,9,GRU
0.6626938230887924,8.185115668210713,6.131282985063582,0.0,81.9079980111578,0.6626938230887924,8.185115668210713,0.9124261489420228,2.9847975172487193,28.219446096586704,0.0,0.3070000091276687,0.9124261489420228,2.9847975172487193,0.6349482934958528,5.0011087616696965,103.42547570522605,0.0,0.024999999451008625,0.6349482934958528,5.0011087616696965,514.509521484375,16.014101028442383,7.1615071296691895,179.22837829589844,179.22837829589844,9,Persistence
0.9396210545353818,3.462814981529137,2.4979684670389037,0.0,80.85643728845439,0.9396210545353818,3.462814981529137,0.9959451853145713,0.6479702096394084,7.268352549197983,0.0,0.8672962773795336,0.9959451853145713,0.6479702096394084,0.9911517705276879,0.7506639865165842,144.22926334454345,0.0,0.16870477107103563,0.9911517705276879,0.7506639865165842,540.7009887695312,16.916065216064453,7.5599846839904785,188.39234924316406,188.39234924316406,10,PG_LSTM
0.939143202066423,3.47649072248432,2.513011231135276,0.0,80.99100971177103,0.939143202066423,3.47649072248432,0.995946403953077,0.6478728314793591,7.24381240907052,0.0,0.85134587475013,0.995946403953077,0.6478728314793591,0.9913672798108283,0.7414659714443297,44.05964932785405,1.6036655211912942,-0.04657925422859509,0.9913683614591189,0.7414195185009556,573.6390991210938,19.479276657104492,12.109381675720215,201.74256896972656,176.26470947265625,10,Vanilla_LSTM
0.9391942876700681,3.47503126421806,2.527754021976018,0.0,81.3647232801512,0.9391942876700681,3.47503126421806,0.9960472955272901,0.6397594459654499,7.472186403669688,0.0,0.9340260440167933,0.9960472955272901,0.6397594459654499,0.9912238526726745,0.7476000898114422,46.45518368465033,4.696449026345934,-0.15078624980170433,0.9912323266024102,0.7472390748710495,649.536376953125,24.915796279907227,20.39496421813965,231.61570739746094,161.5277862548828,10,GRU
0.6453917459007448,8.396545154730081,6.14782970544613,0.0,81.19200392867802,0.6453917459007448,8.396545154730081,0.9138326314337577,2.9873969198369306,28.02414001275248,0.0,0.5360000015874207,0.9138326314337577,2.9873969198369306,0.6310351997814212,4.84991520684197,99.78889234614479,0.0,0.029999998792218974,0.6310351997814212,4.84991520684197,514.6617431640625,15.963295936584473,6.989140033721924,179.20472717285156,179.20472717285156,10,Persistence
